{
  "apps": [
    {
      "exec_mode": "cluster",
      "instances": 1,
      "script": "./build/index.js",
      "name": "mypartner-portal",
      "interpreter": "node",
      "error_file": "/app/MYPARTNER-BE/logs/mypartner-portal-err.log",
      "out_file": "/app/MYPARTNER-BE/logs/mypartner-portal-out.log",
      "pid_file": "/app/MYPARTNER-BE/logs/mypartner-portal-pid.log",
      "env": {
        "NODE_ENV": "prod",
        "HOST": "0.0.0.0",
        "PORT": 8081,
        "SECRET_KEY": "secretKey",
        "DB_URL": "mongodb://mypartneradm:app%40partnerDB%21%23P@mongodb.pbsssald901g.corp.ais900.org:27017,mongodb.pbsssald902g.corp.ais900.org:27017,mongodb.pbsssald903g.corp.ais900.org:27017/mypartnerdb?replicaSet=rs_mysale",
        "LOG": {
          "PATH": "/app/MYPARTNER-BE/logs",
          "ROTATE_TIME": 15
        },
        "SSB_PROFILE_REGIS": {
          "BASE_URL": "https://tradingservice3.ais.co.th",
          "AUTH_URL": "http://10.198.40.23:8443",
          "CPC_URL": "https://cpc.ais.co.th",
          "TDM_URL": "https://tradingweb.ais.co.th",
          "ARS_URL": "https://arsonline.ais.co.th:8443",
          "METHOD": "POST",
          "HEADERS": {
            "x-ssb-command-name": "myPartner",
            "x-ssb-origin": "MyChannel",
            "x-ssb-service-origin": "eService-Web",
            "x-ssb-transaction-id": "2016081517300001234",
            "x-ssb-order-channel": "WEB",
            "x-ssb-version": "v1",
            "Host": "10.252.160.159"
          },
          "URL_LIST": {
            "x-path-updatePayment": "/TDMWSWeb/resteasy/PM_SERVICE/tdm/V1/myPartner/UpdatePayment",
            "x-path-getBankAccount": "/TDMWSWeb/resteasy/PM_SERVICE/tdm/V1/myPartner/GetBankAccount",
            "x-path-getItemPayment": "/TDMWSWeb/resteasy/PM_SERVICE/tdm/V1/myPartner/GetItemPayment",
            "x-path-getProfileInfo": "/TDMWSWeb/resteasy/SO_SERVICE/tdm/V1/myPartner/ProfileInfo",
            "x-path-orderTracking": "/TDMWSWeb/resteasy/SO_SERVICE/tdm/v1/myPartner/OrderTracking",
            "x-path-orderTrackingDetail": "/TDMWSWeb/resteasy/SO_SERVICE/tdm/v1/myPartner/OrderTrackingDetail",
            "x-path-getCategoryName": "/TDMWSWeb/resteasy/SO_SERVICE/tdm/v1/myPartner/catalogname",
            "x-path-getCategoryTrade": "/TDMWSWeb/resteasy/MT_SERVICE/tdm/v1/myPartner/CatalogTrade",
            "x-path-listProductCatalog": "/TDMWSWeb/resteasy/MT_SERVICE/tdm/v1/myPartner/ ListProductCatalog",
            "x-path-tradeFilter": "/TDMWSWeb/resteasy/TP_SERVICE/tdm/V1/myPartner/TradeFilter",
            "x-path-calTradeNormal": "/TDMWSWeb/resteasy/TP_SERVICE/tdm/v1/myPartner/CalTradeNormal",
            "x-path-splitOrder": "/TDMWSWeb/resteasy/SO_SERVICE/tdm/v1/myPartner/SplitOrder",
            "x-path-tradeDetail": "/TDMWSWeb/resteasy/TP_SERVICE/tdm/v1/myPartner/TradeDetail",
            "x-path-oauth": "/api/auth/oauth2",
            "x-path-confirm-otp": "/api/auth/confirm-otp",
            "x-path-login": "/api/auth/login",
            "x-path-menus": "/api/menus",
            "x-path-redirect": "mypartner://direct?action=openweb&url=https://mypartner.ais.co.th/mypartner/index/login",
            "x-path-createOrder": "/TDMWSWeb/resteasy/SO_SERVICE/tdm/v1/myPartner/CreateOrder",
            "x-path-chkPODuplicate": "/TDMWSWeb/resteasy/TDMWSWeb/resteasy/SO_SERVICE/tdm/v1/myPartner/chkPODuplicate",
            "x-path-cpcImage": "/cpc-api/v1/images",
            "x-path-getAnnouncement": "/TDMWSWeb/resteasy/MT_SERVICE/tdm/announcement",
            "x-path-getAnnouncementDealer": "/TDMWSWeb/resteasy/MT_SERVICE/tdm/announcementDealer",
            "x-path-searchApi": "/CPC-FE-SERVICE/cpc-api/v1/search",
            "x-path-getEncryptToken": "/TDMWeb/IndexByPass.do",
            "x-path-queryAccBlock": "/TDMWSWeb/resteasy/SO_SERVICE/tdm/v1/myPartner/QueryAccBlock",
            "x-path-releaseOrder": "/TDMWSWeb/resteasy/SO_SERVICE/tdm/v1/myPartner/ReleaseOrder",
            "x-path-arsOrder": "/api/Public/Order"
          },
          "TOKEN": {
            "secret-token": "Q82g7anmWk7zBaTn",
            "consumer-token": "ejQig3fOTZ1qjq08jWFc"
          },
          "CRON": {
            "recurring": "00 00 10 * * *"
          },
          "TIMEOUT": 60000,
          "ERROR_PREFIX_CODE": "01"
        },
        "AIS_SERVICE_NAMES": ["tdm-portal"]
      }
    }
  ]
}