{
    "rules": {
        
        "no-empty-interface": true,
        "no-magic-numbers": true,
        "no-var-requires": false,
        "only-arrow-functions": [
            true,
            "allow-declarations",
            "allow-named-functions"
        ],
        "typedef": [
            true, 
            "call-signature", 
            "arrow-call-signature", 
            "parameter", 
            "arrow-parameter", 
            "property-declaration",
            "variable-declaration",
            "member-variable-declaration"
        ],
        "typedef-whitespace": [
            true,
            {
                "call-signature": "nospace",
                "index-signature": "nospace",
                "parameter": "nospace",
                "property-declaration": "nospace",
                "variable-declaration": "nospace"
            },
            {
                "call-signature": "onespace",
                "index-signature": "onespace",
                "parameter": "onespace",
                "property-declaration": "onespace",
                "variable-declaration": "onespace"
            }
        ],
        
        "curly": true,    
        "forin": true,
        "label-position": true,
        "no-arg": true,
        "no-bitwise": true,
        "no-conditional-assignment": true,
        "no-console": [
            true,
            "debug",
            "info",
            "time",
            "timeEnd",
            "trace"
        ],
        "no-construct": true,
        "no-debugger": true,
        "no-duplicate-super": true,
        "no-duplicate-variable": true,
        "no-empty": true,
        "no-eval": true,                
        "no-invalid-this": true,
        "no-misused-new": true,
        "no-null-keyword": false,
        "no-sparse-arrays": true,
        "no-string-literal": false,
        "no-string-throw": true,
        "no-switch-case-fall-through": true,
        "no-unsafe-finally": true,
        "no-unused-expression": true,
        "no-var-keyword": true,
        "prefer-for-of": true,
        "radix": true,
        "switch-default": true,
        "triple-equals": [
            true,
            "allow-null-check",
            "allow-undefined-check"
        ],
        "typeof-compare": true,
        "use-isnan": true,
        
        "no-unused-variable": true,
        "no-floating-promises": true,
        "no-for-in-array": true,
        "no-use-before-declare": true,
        
        "eofline": false,
        "indent": [
            true,            
            "space"
        ],            
        "max-classes-per-file": [
            true, 
            1
        ],
        "max-file-line-count": [
            false, 
            1000
        ],
        "max-line-length": [
            true,
            140
        ],                                    
        "prefer-const": false,            
        "trailing-comma": [
            true, 
            {
                "multiline": "never", 
                "singleline": "never"
            }
        ],
        
        "class-name": true,
        "import-spacing": true,
        "interface-name": [
            true, 
            "always-prefix"
        ],
        "no-trailing-whitespace": true,
        "object-literal-key-quotes": [
            true, 
            "consistent-as-needed"
        ],
        "one-line": [
            true,
            "check-open-brace",
            "check-catch",
            "check-finally",
            "check-else",
            "check-whitespace"
        ],
        "one-variable-per-declaration": [
            true, 
            "ignore-for-loop"
        ],
        "prefer-method-signature": true,    
        "semicolon": [
            true,
            "always"        
        ],
        "space-before-function-paren": [true, "always"],        
        "variable-name": [
            true,
            "ban-keywords", 
            "check-format", 
            "allow-leading-underscore"
        ],
        "whitespace": [
            true,
            "check-branch",
            "check-decl",
            "check-operator",
            "check-module",
            "check-separator",
            "check-type",
            "check-typecast"            
        ]
    }
}